,team_shortcode,team,start_year,end_year,name,href,draft_total_bpm,draft_total_vorp,trade_total_bpm,trade_total_vorp,signing_total_bpm,signing_total_vorp,final_bpm,final_vorp,draft_rating_vorp,draft_rating_bpm,draft_num_players,trade_num,signing_num_players,trade_rating_vorp,trade_rating_bpm,signing_rating_vorp,signing_rating_bpm,draft_rating_percentile_vorp,draft_rating_grade_vorp,trade_rating_percentile_vorp,trade_rating_grade_vorp,signing_rating_percentile_vorp,signing_rating_grade_vorp,draft_rating_percentile_bpm,draft_rating_grade_bpm,trade_rating_percentile_bpm,trade_rating_grade_bpm,signing_rating_percentile_bpm,signing_rating_grade_bpm,is_noob,is_active,bpm_rank,vorp_rank
0,"['BOS', 'UTA']","['Boston Celtics', 'Utah Jazz']",2021,2026,Danny Ainge,/executives/aingeda01x.html,-45202.100000000006,66.70000000000002,358960.7,65.5,22916.600000000006,57.400000000000176,336675.2,189.6000000000002,0.8541666666666666,0.5833333333333334,48,306,201,0.08641975308641975,0.18518518518518517,0.08092485549132948,-0.20809248554913296,48.62385321100918,C,72.46376811594203,B,82.11920529801324,A-,56.88073394495413,C+,78.26086956521739,B+,86.75496688741723,A-,False,True,2.0,4.0
1,['CLE'],['Cleveland Cavaliers'],2017,2026,Koby Altman,/executives/altmako01x.html,-17444.299999999996,14.8,27126.30000000001,-6.099999999999999,-27425.500000000065,26.199999999999992,-17743.500000000047,34.89999999999999,1.7777777777777777,-0.5555555555555556,9,103,132,0.10714285714285714,0.10714285714285714,-0.08130081300813008,-0.3983739837398374,54.12844036697248,C+,74.6376811594203,B+,40.397350993377486,C-,53.211009174311926,C+,65.21739130434783,B-,60.264900662251655,B-,False,True,83.0,56.0
2,['GSW'],['Golden State Warriors'],1997,1997,Al Attles,/executives/attleal01x.html,22777.29999999999,72.5,-201428.80000000005,-91.40000000000002,-43253.00000000003,-0.3000000000000256,-221904.5000000001,-19.200000000000042,17.2,19.466666666666665,30,61,26,-0.037037037037037035,0.0,-0.16,-0.64,99.08256880733946,S,41.30434782608695,C-,19.867549668874172,F,99.08256880733946,S,50.72463768115942,C,12.582781456953642,F,False,False,157.0,146.0
3,"['DEN', 'ATL']","['Denver Nuggets', 'Atlanta Hawks']",1990,2003,Pete Babcock,/executives/babcope99x.html,-93329.9,11.8,122656.7,13.900000000000004,-78453.9,23.499999999999947,-49127.099999999984,49.19999999999995,-6.7368421052631575,-6.526315789473684,19,122,125,-0.05405405405405406,0.10810810810810811,-0.11382113821138211,-0.5609756097560976,21.10091743119266,D-,38.405797101449274,D+,33.77483443708609,D+,28.440366972477065,D,65.94202898550725,B-,22.516556291390728,D-,False,False,109.0,43.0
4,['TOR'],['Toronto Raptors'],2004,2006,Rob Babcock,/executives/babcoro99x.html,-32755.100000000002,-3.7,-64888.90000000001,-25.8,24817.700000000037,16.10000000000001,-72826.29999999997,-13.399999999999993,-15.0,-9.0,5,11,5,,,0.2,0.2,2.7522935779816513,F-,,,94.70198675496688,A+,18.34862385321101,F,,,100.0,S,True,False,124.0,141.0
5,"['SAS', 'CHA', 'NOP']","['San Antonio Spurs', 'Charlotte Hornets', 'New Orleans Pelicans']",2002,2004,Bob Bass,/executives/bassbo99x.html,252470.30000000002,121.9,-326544.7,-165.20000000000005,-9877.500000000087,35.900000000000034,-83951.9000000001,-7.400000000000008,2.3225806451612905,6.129032258064516,31,203,141,-0.09333333333333334,-0.16,-0.07352941176470588,-0.3382352941176471,56.88073394495413,C+,30.434782608695652,D,43.70860927152318,C-,77.98165137614679,B+,23.18840579710145,D-,73.50993377483444,B+,False,False,130.0,136.0
6,['LAC'],['Los Angeles Clippers'],1986,2008,Elgin Baylor,/executives/bayloel01x.html,-240164.50000000006,34.0,39988.89999999996,0.2000000000000064,-181714.40000000014,8.599999999999994,-381890.00000000023,42.800000000000004,-3.3902439024390243,-5.048780487804878,41,138,151,-0.022222222222222223,-0.06666666666666667,-0.19463087248322147,-0.6510067114093959,36.69724770642202,D+,43.47826086956522,C-,12.582781456953642,F,32.11009174311926,D,35.507246376811594,D+,11.920529801324504,F,False,False,163.0,46.0
7,['NYK'],['New York Knicks'],1987,1991,Al Bianchi,/executives/biancal01x.html,-6986.9,0.7000000000000003,53207.49999999999,17.899999999999995,10521.300000000008,16.400000000000006,56741.9,35.0,0.25,8.75,4,19,12,0.0,-0.14285714285714285,0.16666666666666666,-0.5,45.87155963302752,C-,55.79710144927536,C+,90.06622516556291,A,84.40366972477064,A-,25.36231884057971,D-,40.397350993377486,C-,False,False,33.0,55.0
8,"['DEN', 'CHA']","['Denver Nuggets', 'Charlotte Hornets']",2003,2007,Bernie Bickerstaff,/executives/bickebe99x.html,-42275.4,31.100000000000005,8167.399999999996,-11.899999999999999,-63928.89999999997,13.099999999999977,-98036.89999999998,32.29999999999998,-6.5,-15.785714285714286,14,87,63,0.08823529411764706,-0.08823529411764706,-0.19047619047619047,-0.47619047619047616,22.01834862385321,D-,73.18840579710145,B+,14.56953642384106,F,6.422018348623853,F,31.159420289855074,D,41.05960264900662,C-,False,False,134.0,61.0
9,['IND'],['Indiana Pacers'],2013,2017,Larry Bird,/executives/birdla01x.html,62001.00000000001,54.7,-72077.49999999999,-9.700000000000003,-40375.399999999994,22.099999999999994,-50451.89999999997,67.1,4.333333333333333,-3.6666666666666665,12,88,69,0.1724137931034483,-0.13793103448275862,0.03125,-0.453125,73.39449541284404,B+,80.43478260869566,A-,73.50993377483444,B+,36.69724770642202,D+,26.08695652173913,D-,47.682119205298015,C,False,False,112.0,32.0
10,['PHO'],['Phoenix Suns'],2010,2013,Lance Blanks,/executives/blankla01x.html,-11731.6,1.7000000000000002,5580.2,6.600000000000002,-17258.6,11.09999999999999,-23410.0,19.39999999999999,,,2,28,18,0.0,0.0,-0.1111111111111111,-0.6666666666666666,,,55.79710144927536,C+,35.09933774834437,D+,,,50.72463768115942,C,9.933774834437086,F,True,False,91.0,77.0
11,['DEN'],['Denver Nuggets'],2022,2026,Calvin Booth,/executives/boothca01x.html,-5195.9,1.4,17953.917456314863,-6.206165576088356,-43420.799999999996,-2.2000000000000006,-30662.782543685134,-7.006165576088357,,,1,30,30,-0.375,-0.125,-0.13793103448275862,-0.6551724137931034,,,7.971014492753623,F,25.165562913907284,D-,,,27.536231884057973,D,11.258278145695364,F,True,True,96.0,135.0
12,['NOP'],['New Orleans Pelicans'],2005,2010,Jeff Bower,/executives/bowerje99x.html,0.0,0.0,31450.0,1.3,-278.1000000000058,-0.10000000000000009,31171.899999999994,1.2,,,0,51,14,0.3,0.35,-0.07142857142857142,-0.07142857142857142,,,89.85507246376811,A,44.370860927152314,C-,,,92.7536231884058,A,94.70198675496688,A+,True,False,42.0,115.0
13,['PHI'],['Philadelphia 76ers'],2018,2020,Elton Brand,/executives/brandel99x.html,-364.0,-0.1,-22905.499999999985,-9.6,18546.199999999993,20.7,-4723.299999999992,10.999999999999998,,,1,44,26,0.6666666666666666,0.5833333333333334,0.2,-0.08,,,99.27536231884058,S,94.70198675496688,A+,,,97.82608695652173,S,93.37748344370861,A+,True,False,71.0,95.0
14,['MIN'],['Minnesota Timberwolves'],1990,1992,Jim Brewer,/executives/breweji01x.html,-10641.900000000001,-1.2000000000000002,-9225.3,-3.4000000000000004,-2671.2999999999993,-0.20000000000000018,-22538.5,-4.800000000000001,,,2,3,3,,,,,,,,,,,,,,,,,True,False,90.0,131.0
15,"['CHA', 'DEN', 'NOP']","['Charlotte Hornets', 'Denver Nuggets', 'New Orleans Pelicans']",2004,2005,Allan Bristow,/executives/bristal01x.html,-5873.4,-0.7,-119886.79999999997,-50.4,-8020.400000000032,-0.40000000000000147,-133780.6,-51.5,,,1,69,23,-0.4,-0.25,-0.045454545454545456,0.0,,,4.3478260869565215,F,51.65562913907285,C,,,15.217391304347826,F,98.67549668874172,S,True,False,149.0,159.0
16,['PHI'],['Philadelphia 76ers'],2018,2018,Brett Brown,/executives/brownbr99x.html,-2105.2,0.0,-11986.5,-9.100000000000001,-13021.500000000004,1.3000000000000007,-27113.200000000004,-7.800000000000001,,,1,18,8,0.2857142857142857,-0.14285714285714285,0.2857142857142857,-0.42857142857142855,,,88.40579710144928,A,98.01324503311258,S,,,25.36231884057971,D-,52.317880794701985,C,True,False,95.0,137.0
17,['PHI'],['Philadelphia 76ers'],1997,1998,Larry Brown,/executives/brownla01x.html,547.1,1.4,9443.800000000003,2.8999999999999932,-2909.4000000000037,-0.3999999999999919,7081.499999999999,3.9000000000000012,,,2,27,4,0.0,0.7142857142857143,,,,,55.79710144927536,C+,,,,,99.27536231884058,S,,,True,False,54.0,110.0
18,['POR'],['Portland Trail Blazers'],2011,2012,Chad Buchanan,/executives/buchach99x.html,-4962.7,-0.9,119369.2,41.9,-4729.19999999998,2.0000000000000013,109677.30000000002,43.0,,,1,18,5,,,0.4,-0.6,,,,,99.33774834437087,S,,,,,15.894039735099337,F,True,False,22.0,45.0
19,"['OKC', 'POR']","['Oklahoma City Thunder', 'Portland Trail Blazers']",1986,1992,Bucky Buckwalter,/executives/buckwbu99x.html,39032.8,30.900000000000002,-15650.699999999997,-5.6000000000000005,21973.1,16.399999999999995,45355.200000000004,41.699999999999996,4.071428571428571,10.214285714285714,14,39,26,0.14285714285714285,0.2857142857142857,-0.08,-0.36,70.64220183486239,B,77.53623188405797,B+,41.72185430463576,C-,89.90825688073394,A,89.85507246376811,A,67.54966887417218,B,False,False,39.0,48.0
20,['ATL'],['Atlanta Hawks'],2014,2017,Mike Budenholzer,/executives/budenmi01x.html,-10358.9,-0.7000000000000001,18762.499999999996,1.6999999999999997,-12621.999999999995,10.5,-4218.399999999996,11.5,,,1,29,34,0.0,-0.2,0.0,-0.36363636363636365,,,55.79710144927536,C+,68.87417218543047,B,,,20.28985507246377,D-,66.88741721854305,B-,True,False,69.0,94.0
21,['SAS'],['San Antonio Spurs'],2002,2019,R.C. Buford,/executives/buforrc99x.html,2119.100000000003,31.2,40264.49999999999,-6.199999999999998,218325.19999999984,148.30000000000007,260708.79999999984,173.30000000000007,6.705882352941177,3.2941176470588234,17,77,174,-0.037037037037037035,0.2222222222222222,0.1987179487179487,-0.24358974358974358,80.73394495412845,A-,41.30434782608695,C-,91.3907284768212,A,70.64220183486239,B,85.5072463768116,A-,84.76821192052981,A-,False,False,7.0,6.0
22,['BRK'],['Brooklyn Nets'],1996,1999,John Calipari,/executives/calipjo99x.html,37658.09999999999,18.0,-13276.900000000001,-8.3,-28393.700000000004,-0.7999999999999972,-4012.500000000016,8.900000000000004,,,1,41,25,-0.125,0.0,-0.24,-0.56,,,24.63768115942029,D-,9.933774834437086,F,,,50.72463768115942,C,24.503311258278146,D-,True,False,68.0,99.0
23,['BOS'],['Boston Celtics'],1994,1997,M.L. Carr,/executives/carrml01x.html,-30159.199999999993,11.8,-2479.0999999999995,0.6000000000000003,-9626.000000000025,11.5,-42264.30000000002,23.900000000000002,-14.0,-9.2,5,14,26,,,-0.11538461538461539,-0.38461538461538464,4.587155963302752,F,,,33.11258278145695,D+,17.431192660550458,F,,,63.57615894039735,B-,True,False,105.0,72.0
24,"['UTA', 'NYK']","['Utah Jazz', 'New York Knicks']",1999,1999,Dave Checketts,/executives/checkda99x.html,-12008.500000000002,-1.7999999999999998,-18297.8,-4.199999999999999,-8902.299999999997,-1.0,-39208.6,-6.999999999999999,,,3,9,8,,,-0.5,-0.75,,,,,3.3112582781456954,F,,,,,3.3112582781456954,F,True,False,102.0,134.0
25,"['POR', 'CHA']","['Portland Trail Blazers', 'Charlotte Hornets']",2011,2018,Rich Cho,/executives/chori99x.html,-13060.2,4.0,34989.799999999996,3.5,-6727.499999999993,12.600000000000001,15202.100000000002,20.1,-11.25,-20.75,4,76,77,0.11538461538461539,0.34615384615384615,-0.0136986301369863,-0.1780821917808219,13.761467889908257,F,75.3623188405797,B+,60.264900662251655,B-,0.9174311926605505,F-,92.02898550724638,A,88.74172185430463,A,False,False,48.0,74.0
26,"['PHO', 'TOR', 'PHI']","['Phoenix Suns', 'Toronto Raptors', 'Philadelphia 76ers']",2016,2018,Bryan Colangelo,/executives/colanbr99x.html,195195.49999999997,135.5,-235130.09999999998,-166.5,109106.6,109.99999999999994,69171.99999999999,78.99999999999996,3.3846153846153846,-2.4615384615384617,26,264,152,-0.25301204819277107,-0.08433734939759036,0.04827586206896552,-0.4206896551724138,65.13761467889908,B-,15.217391304347826,F,75.49668874172185,B+,44.03669724770642,C-,31.884057971014492,D,54.966887417218544,C+,False,False,32.0,28.0
27,['PHO'],['Phoenix Suns'],1968,1994,Jerry Colangelo,/executives/colanje99x.html,153283.9,153.6,203432.99999999997,36.49999999999999,-55304.300000000105,8.10000000000008,301412.59999999986,198.20000000000007,11.76923076923077,9.923076923076923,52,199,48,0.013157894736842105,-0.039473684210526314,-0.06666666666666667,-0.4666666666666667,95.41284403669725,A+,56.52173913043478,C+,45.033112582781456,C-,87.1559633027523,A,39.130434782608695,D+,45.6953642384106,C-,False,False,5.0,3.0
28,['DET'],['Detroit Pistons'],1995,1998,Doug Collins,/executives/collido01x.html,-4090.0000000000005,5.8,5793.300000000003,-4.3000000000000025,-35270.50000000001,-0.9999999999999973,-33567.200000000004,0.49999999999999967,6.0,9.0,7,27,10,0.0,-0.2857142857142857,0.3,-0.7,78.89908256880734,B+,55.79710144927536,C+,98.67549668874172,S,85.3211009174312,A-,13.768115942028986,F,5.960264900662252,F,False,False,99.0,116.0
29,"['DEN', 'MIN']","['Denver Nuggets', 'Minnesota Timberwolves']",2022,2026,Tim Connelly,/executives/conneti99x.html,227835.5,95.39999999999999,-23162.0008423134,-37.459578544430826,-86045.20000000001,21.299999999999983,118628.29915768659,79.24042145556915,9.928571428571429,7.857142857142857,14,148,141,-0.10869565217391304,-0.13043478260869565,-0.03937007874015748,-0.4251968503937008,89.90825688073394,A,27.536231884057973,D,52.980132450331126,C,81.65137614678899,A-,26.81159420289855,D-,52.980132450331126,C,False,True,21.0,27.0
30,['POR'],['Portland Trail Blazers'],2021,2026,Joe Cronin,/executives/cronijo99x.html,-51888.69999999999,-4.2,-41433.789949933824,-27.565496333152236,-22299.80000000004,4.000000000000004,-115622.28994993385,-27.76549633315223,-12.285714285714286,-17.571428571428573,7,55,55,-0.38461538461538464,-0.6923076923076923,-0.04081632653061224,-0.42857142857142855,9.174311926605505,F,5.797101449275362,F,52.317880794701985,C,2.7522935779816513,F-,1.4492753623188406,F-,52.317880794701985,C,False,True,142.0,151.0
31,['SAC'],['Sacramento Kings'],2013,2015,Pete D'Alessandro,/executives/dalespe99x.html,-34969.4,-3.4,-5982.5,-10.2,-9114.899999999987,3.8999999999999964,-50066.79999999999,-9.700000000000003,,,3,34,21,-0.3,-0.3,-0.05263157894736842,-0.47368421052631576,,,10.144927536231885,F,49.00662251655629,C,,,13.043478260869565,F,43.70860927152318,C-,True,False,111.0,140.0
32,"['DEN', 'PHO']","['Denver Nuggets', 'Phoenix Suns']",2006,2007,Mike D'Antoni,/executives/dantomi01x.html,0.0,0.0,-35974.3,-19.200000000000003,-6606.600000000006,0.10000000000000142,-42580.90000000001,-19.1,,,0,4,6,,,0.0,-0.6666666666666666,,,,,68.87417218543047,B,,,,,9.933774834437086,F,True,False,106.0,145.0
33,['HOU'],['Houston Rockets'],1996,2007,Carroll Dawson,/executives/dawsoca99x.html,35423.1,34.699999999999996,199175.80000000002,35.3,-54647.89999999999,15.800000000000018,179951.00000000003,85.80000000000001,2.2,-1.9,10,110,60,0.3142857142857143,0.4,-0.016666666666666666,-0.5,55.96330275229358,C+,91.30434782608695,A,58.27814569536424,C+,47.706422018348626,C,94.20289855072464,A+,40.397350993377486,C-,False,False,13.0,24.0
34,['LAC'],['Los Angeles Clippers'],2012,2012,Vinny Del Negro,/executives/delnevi01x.html,0.0,0.0,2191.5999999999995,0.4999999999999999,-7873.999999999999,4.499999999999999,-5682.4,4.999999999999999,,,0,8,4,,,,,,,,,,,,,,,,,True,False,72.0,108.0
35,['NOP'],['New Orleans Pelicans'],2010,2019,Dell Demps,/executives/dempsde01x.html,71827.0,29.099999999999998,-86913.59999999998,-41.100000000000016,-111149.20000000001,5.000000000000025,-126235.79999999999,-6.999999999999992,-10.75,-12.25,4,126,137,-0.07317073170731707,0.07317073170731707,-0.1259259259259259,-0.4,14.678899082568808,F,34.78260869565217,D+,29.13907284768212,D,11.926605504587156,F,57.971014492753625,C+,59.602649006622514,C+,False,False,145.0,133.0
36,['PHI'],['Philadelphia 76ers'],2012,2013,Tony DiLeo,/executives/dileoto99x.html,0.0,0.0,-600.0,-0.1,-6205.5,-0.7,-6805.5,-0.7999999999999999,,,0,1,7,,,-0.5714285714285714,-0.7142857142857143,,,,,0.6622516556291391,F-,,,,,4.635761589403973,F,True,False,75.0,122.0
37,['SAC'],['Sacramento Kings'],2015,2020,Vlade Divac,/executives/divacvl99x.html,2055.199999999996,15.5,35782.1,1.8999999999999997,-85917.49999999999,15.800000000000011,-48080.2,33.20000000000001,-8.2,-8.6,5,65,71,0.17647058823529413,0.11764705882352941,0.12307692307692308,-0.5538461538461539,19.26605504587156,F,81.15942028985508,A-,85.43046357615894,A-,21.10091743119266,D-,68.1159420289855,B,25.827814569536425,D-,False,False,108.0,60.0
38,['DET'],['Detroit Pistons'],2000,2014,Joe Dumars,/executives/dumarjo01x.html,-47088.6,50.2,34486.99999999999,-7.299999999999998,12511.999999999993,41.299999999999926,-89.60000000001028,84.19999999999993,4.884615384615385,4.961538461538462,26,106,54,0.06060606060606061,0.09090909090909091,0.061224489795918366,-0.5714285714285714,74.31192660550458,B+,65.21739130434783,B-,77.48344370860927,B+,76.14678899082568,B+,62.31884057971015,B-,17.880794701986755,F,False,False,62.0,25.0
39,"['MIL', 'LAC']","['Milwaukee Bucks', 'Los Angeles Clippers']",2008,2010,Mike Dunleavy,/executives/dunlemi01x.html,54730.9,46.699999999999996,78580.2,11.6,-51359.300000000025,-0.5999999999999801,81951.79999999997,57.70000000000002,-5.571428571428571,-8.857142857142858,7,82,39,-0.0967741935483871,0.0967741935483871,-0.18421052631578946,-0.47368421052631576,26.605504587155963,D-,29.71014492753623,D,15.894039735099337,F,19.26605504587156,F,63.04347826086956,B-,43.70860927152318,C-,False,False,29.0,36.0
40,['GSW'],['Golden State Warriors'],2023,2026,Mike Dunleavy,/executives/dunlemi02x.html,855.5999999999999,2.4,24330.696459171497,-10.290593028206064,4337.1,6.1,29523.396459171498,-1.790593028206065,,,2,28,23,0.5,0.5,0.09090909090909091,-0.045454545454545456,,,97.10144927536231,S,82.78145695364239,A-,,,95.65217391304348,A+,95.36423841059603,A+,True,True,43.0,126.0
41,"['MIL', 'CLE', 'TOR']","['Milwaukee Bucks', 'Cleveland Cavaliers', 'Toronto Raptors']",2006,2006,Wayne Embry,/executives/embrywa01x.html,-41739.799999999996,45.300000000000004,-114087.10000000002,-41.49999999999999,-59138.800000000025,13.599999999999987,-214965.70000000004,17.399999999999995,1.9642857142857142,2.4642857142857144,28,117,66,0.2857142857142857,-0.11904761904761904,-0.15151515151515152,-0.5606060606060606,55.04587155963303,C+,88.40579710144928,A,22.516556291390728,D-,68.80733944954129,B,28.985507246376812,D,23.178807947019866,D-,False,False,156.0,81.0
42,['WAS'],['Washington Wizards'],1973,1990,Bob Ferry,/executives/ferrybo01x.html,-4151.9,-0.4,15422.2,-54.0,1.2732925824820995e-11,2.986499936241671e-14,11270.300000000014,-54.39999999999997,,,2,98,49,-0.2926829268292683,0.4634146341463415,0.0,0.0,,,11.594202898550725,F,68.87417218543047,B,,,94.92753623188406,A+,98.67549668874172,S,True,False,51.0,161.0
43,"['CLE', 'ATL', 'NOP']","['Cleveland Cavaliers', 'Atlanta Hawks', 'New Orleans Pelicans']",2019,2019,Danny Ferry,/executives/ferryda01x.html,-45535.00000000001,3.4000000000000004,26735.899999999998,9.6,-21920.999999999993,23.20000000000001,-40720.1,36.20000000000001,5.6,-3.5,10,75,50,-0.037037037037037035,0.0,-0.0625,-0.5625,77.06422018348624,B+,41.30434782608695,C-,46.35761589403973,C-,38.53211009174312,D+,50.72463768115942,C,21.192052980132452,D-,False,False,104.0,53.0
44,['ATL'],['Atlanta Hawks'],2022,2026,Landry Fields,/executives/fieldla01x.html,-8775.8,-1.1,6697.7350117607875,16.57132113467076,-6845.800000000003,0.3000000000000065,-8923.864988239215,15.771321134670767,,,3,37,18,-0.08333333333333333,-0.25,0.0,-0.4,,,32.608695652173914,D,68.87417218543047,B,,,15.217391304347826,F,59.602649006622514,C+,True,True,76.0,84.0
45,['CHI'],['Chicago Bulls'],2009,2020,Gar Forman,/executives/formaga99x.html,-33309.9,22.499999999999996,20206.89999999999,-15.700000000000003,-3926.6999999999753,46.80000000000001,-17029.699999999983,53.60000000000001,2.7333333333333334,-1.6,15,112,110,0.05555555555555555,0.1111111111111111,0.06,-0.26,61.46788990825688,B-,64.4927536231884,B-,76.82119205298014,B+,50.45871559633027,C,66.66666666666667,B-,82.78145695364239,A-,False,False,82.0,40.0
46,['LAC'],['Los Angeles Clippers'],2017,2026,Lawrence Frank,/executives/frankla99x.html,-13882.800000000001,1.8000000000000003,-30691.399999999987,-28.300000000000004,47035.00000000002,51.50000000000001,2460.8000000000293,25.0,11.666666666666666,11.666666666666666,6,130,103,0.2222222222222222,0.027777777777777776,0.2268041237113402,-0.16494845360824742,94.4954128440367,A+,85.5072463768116,A-,96.02649006622516,A+,94.4954128440367,A+,52.89855072463768,C,90.72847682119205,A,False,True,57.0,70.0
47,['ORL'],['Orlando Magic'],1996,2004,John Gabriel,/executives/gabrijo99x.html,-36174.7,0.8000000000000004,-106370.29999999999,-75.00000000000003,-94642.69999999994,1.8000000000000083,-237187.69999999992,-72.40000000000002,-5.75,-7.333333333333333,12,128,60,0.025,0.2,-0.3389830508474576,-0.6101694915254238,24.770642201834864,D-,59.42028985507246,C+,4.635761589403973,F,23.853211009174313,D-,82.6086956521739,A-,14.56953642384106,F,False,False,158.0,163.0
48,['BOS'],['Boston Celtics'],1990,1994,Dave Gavitt,/executives/gavitda99x.html,9877.499999999996,15.5,-8062.299999999999,-0.8999999999999997,-16065.299999999992,0.30000000000000426,-14250.099999999995,14.900000000000004,,,3,5,31,,,-0.06451612903225806,-0.45161290322580644,,,,,45.6953642384106,C-,,,,,48.34437086092715,C,True,False,80.0,86.0
49,['CLE'],['Cleveland Cavaliers'],2010,2014,Chris Grant,/executives/grantch99x.html,-3812.0000000000077,18.099999999999998,-117659.69999999998,-35.50000000000001,-44240.59999999994,-1.9000000000000057,-165712.29999999993,-19.300000000000015,-15.0,-12.5,8,50,21,-0.3333333333333333,-0.5,-0.5,-0.7,2.7522935779816513,F-,9.420289855072463,F,3.3112582781456954,F,11.009174311926605,F,5.072463768115942,F,5.960264900662252,F,False,False,151.0,147.0
50,['DAL'],['Dallas Mavericks'],1996,1996,Keith Grant,/executives/grantke99x.html,-8810.2,-1.2000000000000002,6773.299999999999,-14.500000000000004,-12663.0,1.6000000000000005,-14699.900000000001,-14.100000000000003,,,1,10,6,,,0.0,-0.6666666666666666,,,,,68.87417218543047,B,,,,,9.933774834437086,F,True,False,81.0,142.0
51,['PHI'],['Philadelphia 76ers'],1996,1997,Brad Greenberg,/executives/greenbr99x.html,108504.4,42.79999999999999,0.0,0.0,-18104.40000000001,-1.0,90399.99999999999,41.79999999999999,,,2,0,12,,,-0.3333333333333333,-0.75,,,,,5.298013245033113,F,,,,,3.3112582781456954,F,True,False,27.0,47.0
52,['GSW'],['Golden State Warriors'],1995,1995,Ed Gregory,/executives/gregoed99x.html,0.0,0.0,-18735.600000000002,-4.5,-1105.7999999999993,0.09999999999999964,-19841.4,-4.4,,,0,2,2,,,,,,,,,,,,,,,,,True,False,85.0,130.0
53,"['CLE', 'NOP']","['Cleveland Cavaliers', 'New Orleans Pelicans']",2019,2026,David Griffin,/executives/griffin01x.html,2741.399999999998,12.799999999999999,55436.05800571327,-16.668854904235417,39903.199999999924,60.89999999999999,98080.6580057132,57.03114509576457,-0.6666666666666666,-3.111111111111111,9,160,150,0.19047619047619047,0.16666666666666666,-0.05,-0.4,43.11926605504587,C-,82.6086956521739,A-,49.66887417218543,C,41.28440366972477,C-,76.81159420289855,B+,59.602649006622514,C+,False,True,26.0,38.0
54,"['NYK', 'MIL', 'WAS']","['New York Knicks', 'Milwaukee Bucks', 'Washington Wizards']",2003,2019,Ernie Grunfeld,/executives/grunfer01x.html,95751.30000000002,101.80000000000001,-21857.500000000004,-14.200000000000001,-123241.50000000003,58.89999999999995,-49347.70000000002,146.49999999999997,-0.5,-3.25,28,237,181,0.013333333333333334,-0.08,-0.017142857142857144,-0.4514285714285714,44.95412844036697,C-,57.2463768115942,C+,57.615894039735096,C+,39.44954128440367,D+,32.608695652173914,D,49.00662251655629,C,False,False,110.0,9.0
55,"['DEN', 'TOR', 'NYK']","['Denver Nuggets', 'Toronto Raptors', 'New York Knicks']",2011,2013,Glen Grunwald,/executives/grunwgl99x.html,19891.300000000003,26.8,-117520.40000000001,-44.6,-34199.10000000009,14.89999999999996,-131828.2000000001,-2.9000000000000443,-4.4,-12.0,5,127,68,-0.16129032258064516,-0.03225806451612903,-0.014925373134328358,-0.5373134328358209,32.11009174311926,D,22.463768115942027,D-,59.602649006622514,C+,12.844036697247706,F,39.85507246376812,D+,28.47682119205298,D,False,False,148.0,128.0
56,['MIN'],['Minnesota Timberwolves'],2021,2022,Sachin Gupta,/executives/guptasa99x.html,0.0,0.0,0.0,0.0,347.1,0.1,347.1,0.1,,,0,0,5,,,0.2,0.0,,,,,94.70198675496688,A+,,,,,98.67549668874172,S,True,False,60.0,117.0
57,['MIL'],['Milwaukee Bucks'],2008,2017,John Hammond,/executives/hammojo99x.html,150312.6,77.3,-11822.600000000006,-24.1,-17882.699999999983,22.89999999999999,120607.3,76.09999999999998,-1.75,-2.8125,16,132,68,0.02564102564102564,0.07692307692307693,0.01639344262295082,-0.3770491803278688,41.28440366972477,C-,60.14492753623188,B-,70.19867549668874,B,42.20183486238532,C-,58.69565217391305,C+,64.23841059602648,B-,False,False,19.0,29.0
58,['MIL'],['Milwaukee Bucks'],1987,1992,Del Harris,/executives/harride99x.html,-19761.6,-1.7000000000000002,7165.9000000000015,14.100000000000007,-9273.199999999993,0.49999999999999734,-21868.89999999999,12.900000000000004,-7.0,-0.25,4,37,25,0.2,-0.06666666666666667,-0.2,-0.56,20.18348623853211,D-,84.05797101449275,A-,11.258278145695364,F,55.04587155963303,C+,35.507246376811594,D+,24.503311258278146,D-,False,False,88.0,89.0
59,['MIL'],['Milwaukee Bucks'],2003,2008,Larry Harris,/executives/harrila99x.html,5614.4000000000015,17.499999999999996,13523.200000000004,4.199999999999999,-51685.50000000001,5.600000000000001,-32547.899999999998,27.299999999999997,5.4,2.0,5,31,31,0.36363636363636365,0.09090909090909091,0.0,-0.5806451612903226,76.14678899082568,B+,93.47826086956522,A+,68.87417218543047,B,64.22018348623853,B-,62.31884057971015,B-,17.218543046357617,F,False,False,98.0,65.0
60,['DAL'],['Dallas Mavericks'],2021,2026,Nico Harrison,/executives/harrini01x.html,0.0,0.0,19096.227979669315,2.2819612216823675,-40061.50000000001,7.4999999999999964,-20965.272020330693,9.781961221682364,,,0,54,67,-0.06666666666666667,0.06666666666666667,-0.07462686567164178,-0.417910447761194,,,37.68115942028985,D+,43.04635761589404,C-,,,56.52173913043478,C+,55.629139072847686,C+,True,True,87.0,98.0
61,['ORL'],['Orlando Magic'],2012,2017,Rob Hennigan,/executives/henniro99x.html,-25664.9,8.8,-12966.000000000004,-2.900000000000001,-66534.5,5.900000000000004,-105165.4,11.800000000000004,-6.333333333333333,-2.0,6,62,42,-0.25,-0.45,-0.1794871794871795,-0.5384615384615384,22.93577981651376,D-,17.391304347826086,F,16.556291390728475,F,46.788990825688074,C-,5.797101449275362,F,27.814569536423843,D,False,False,140.0,92.0
62,['CHA'],['Charlotte Hornets'],2007,2011,Rod Higgins,/executives/higgiro01x.html,-23935.0,4.300000000000001,-40978.600000000006,-13.7,-18809.40000000001,1.7763568394002505e-15,-83723.00000000001,-9.399999999999997,-5.4,-10.4,5,48,21,-0.4,-0.4,-0.19047619047619047,-0.7142857142857143,27.522935779816514,D,4.3478260869565215,F,14.56953642384106,F,15.596330275229358,F,7.246376811594203,F,4.635761589403973,F,False,False,129.0,139.0
63,['PHI'],['Philadelphia 76ers'],2013,2016,Sam Hinkie,/executives/hinkisa99x.html,77199.29999999999,33.8,-92035.5,-32.5,-61837.59999999998,0.9000000000000128,-76673.79999999999,2.2000000000000077,1.3333333333333333,-7.0,6,88,50,-0.21428571428571427,0.0,-0.3181818181818182,-0.5227272727272727,52.293577981651374,C,18.840579710144926,F,6.622516556291391,F,27.522935779816514,D,50.72463768115942,C,32.450331125827816,D,False,False,127.0,111.0
64,['MIL'],['Milwaukee Bucks'],2017,2026,Jon Horst,/executives/horstjo01x.html,-18479.000000000004,0.7000000000000004,70103.0,13.600000000000001,-39891.3,35.799999999999976,11732.699999999995,50.09999999999998,-0.6,2.4,10,83,142,0.07692307692307693,0.11538461538461539,0.029411764705882353,-0.39705882352941174,44.03669724770642,C-,70.28985507246377,B,72.8476821192053,B,66.97247706422019,B-,67.3913043478261,B,60.9271523178808,B-,False,True,50.0,41.0
65,['DEN'],['Denver Nuggets'],1998,2001,Dan Issel,/executives/isselda01x.html,-4641.3,10.5,47330.4,12.799999999999999,-9200.400000000012,6.3999999999999915,33488.69999999999,29.69999999999999,9.833333333333334,11.666666666666666,6,44,13,-0.2727272727272727,0.09090909090909091,-0.15384615384615385,-0.6153846153846154,88.9908256880734,A,12.318840579710145,F,21.85430463576159,D-,94.4954128440367,A+,62.31884057971015,B-,13.907284768211921,F,False,False,41.0,64.0
66,['NYK'],['New York Knicks'],2014,2017,Phil Jackson,/executives/jacksph99x.html,633.4999999999991,3.5,707.3000000000011,-5.3999999999999995,-56074.2,8.1,-54733.399999999994,6.2,,,3,41,52,0.0,-0.2,-0.16326530612244897,-0.40816326530612246,,,55.79710144927536,C+,19.205298013245034,F,,,20.28985507246377,D-,56.95364238410596,C+,True,False,116.0,105.0
67,['MEM'],['Memphis Grizzlies'],1994,2000,Stu Jackson,/executives/jacksst99x.html,0.0,0.0,-46135.7,-25.800000000000004,-8592.800000000003,-1.1999999999999993,-54728.5,-27.000000000000004,,,0,56,37,0.06666666666666667,0.26666666666666666,-0.027777777777777776,-0.027777777777777776,,,68.1159420289855,B,54.966887417218544,C+,,,89.1304347826087,A,96.02649006622516,A+,True,False,115.0,150.0
68,['LAL'],['Los Angeles Lakers'],2017,2019,Magic Johnson,/executives/johnsma01x.html,-2748.7,1.2999999999999998,-28897.5,-19.400000000000002,79576.49999999999,44.50000000000001,47930.299999999996,26.400000000000002,,,3,26,39,-0.25,-0.75,0.16666666666666666,-0.3333333333333333,,,17.391304347826086,F,90.06622516556291,A,,,0.0,F-,76.15894039735099,B+,True,False,36.0,67.0
69,['PHO'],['Phoenix Suns'],2018,2026,James Jones,/executives/jonesja99x.html,-1830.1999999999998,-0.2,37916.9,6.700000000000003,-10399.800000000021,24.5,25686.89999999998,31.000000000000004,,,1,81,86,0.0,0.0,0.14285714285714285,-0.42857142857142855,,,55.79710144927536,C+,87.41721854304636,A,,,50.72463768115942,C,52.317880794701985,C,True,True,45.0,62.0
70,['WAS'],['Washington Wizards'],2000,2001,Michael Jordan,/executives/jordami01x.html,-13081.6,-0.29999999999999993,-21810.3,8.7,3340.8999999999924,6.000000000000001,-31551.000000000007,14.4,,,2,24,5,0.6666666666666666,-0.3333333333333333,0.2,-0.2,,,99.27536231884058,S,94.70198675496688,A+,,,12.318840579710145,F,87.41721854304636,A,True,False,97.0,88.0
71,['MIN'],['Minnesota Timberwolves'],2009,2013,David Kahn,/executives/kahnda99x.html,-32767.3,6.0,-37091.49999999999,-37.00000000000001,-35201.299999999974,4.000000000000007,-105060.09999999996,-27.0,-11.5,-20.333333333333332,6,87,28,-0.1111111111111111,-0.2222222222222222,-0.10714285714285714,-0.5,12.844036697247706,F,26.81159420289855,D-,36.42384105960265,D+,1.834862385321101,F-,18.840579710144926,F,40.397350993377486,C-,False,False,138.0,149.0
72,['CHI'],['Chicago Bulls'],2020,2026,Artūras Karnišovas,/executives/karniar99x.html,-40546.299999999996,-0.8,14043.437196664172,5.016197521567173,-21377.899999999994,10.800000000000004,-47880.76280333582,15.016197521567175,-12.6,-16.8,5,36,72,0.0,0.2,0.0,-0.34328358208955223,7.339449541284404,F,55.79710144927536,C+,68.87417218543047,B,3.669724770642202,F,82.6086956521739,A-,72.18543046357615,B,False,True,107.0,85.0
73,['ATL'],['Atlanta Hawks'],1979,1990,Stan Kasten,/executives/kastest99x.html,-7754.099999999991,34.1,138505.90000000002,45.6,-21216.0,15.600000000000009,109535.80000000003,95.30000000000001,10.235294117647058,10.0,17,79,39,0.037037037037037035,0.2222222222222222,0.05405405405405406,-0.43243243243243246,91.74311926605505,A,62.31884057971015,B-,76.15894039735099,B+,88.9908256880734,A,85.5072463768116,A-,50.33112582781457,C,False,False,23.0,18.0
74,['PHO'],['Phoenix Suns'],2007,2010,Steve Kerr,/executives/kerrst01x.html,-14505.699999999999,-1.2000000000000002,18811.599999999995,5.500000000000002,2272.1000000000004,13.500000000000004,6577.999999999996,17.800000000000004,-1.2,3.6,5,28,14,-0.1111111111111111,0.2222222222222222,0.07142857142857142,-0.5,42.20183486238532,C-,26.81159420289855,D-,80.13245033112582,A-,71.55963302752293,B,85.5072463768116,A-,40.397350993377486,C-,False,False,55.0,79.0
75,"['PHI', 'BRK']","['Philadelphia 76ers', 'Brooklyn Nets']",2010,2016,Billy King,/executives/kingbi99x.html,61695.3,52.900000000000006,-156213.4,-78.90000000000002,-112565.7,10.400000000000006,-207083.8,-15.600000000000009,11.384615384615385,12.846153846153847,13,207,112,0.0,-0.09523809523809523,-0.08108108108108109,-0.5225225225225225,93.57798165137615,A+,55.79710144927536,C+,41.05960264900662,C-,96.3302752293578,A+,29.71014492753623,D,33.11258278145695,D+,False,False,154.0,144.0
76,['MEM'],['Memphis Grizzlies'],2019,2026,Zach Kleiman,/executives/kleimza99x.html,10471.599999999999,12.899999999999997,-7262.537458684104,-30.27316239142122,6541.7999999999665,33.99999999999999,9750.862541315862,16.626837608578768,13.0,4.4,5,109,85,0.15625,0.0625,-0.075,-0.2875,97.24770642201835,S,78.98550724637681,B+,42.384105960264904,C-,74.31192660550458,B+,55.072463768115945,C+,80.79470198675497,A-,False,True,53.0,83.0
77,"['MEM', 'ATL']","['Memphis Grizzlies', 'Atlanta Hawks']",2003,2008,Billy Knight,/executives/knighbi01x.html,51309.899999999994,65.10000000000001,-59297.8,-21.700000000000003,-91805.59999999999,-8.600000000000009,-99793.5,34.8,-4.411764705882353,-3.8823529411764706,17,68,47,-0.3888888888888889,-0.05555555555555555,-0.48936170212765956,-0.5531914893617021,31.192660550458715,D,5.072463768115942,F,3.9735099337748343,F,34.862385321100916,D+,37.68115942028985,D+,26.490066225165563,D-,False,False,135.0,57.0
78,['CHI'],['Chicago Bulls'],1985,2003,Jerry Krause,/executives/krausje99x.html,-127665.29999999997,31.099999999999998,7932.200000000012,-17.899999999999995,-119032.40000000004,21.300000000000022,-238765.5,34.50000000000002,-5.7368421052631575,-3.1842105263157894,38,142,94,0.0196078431372549,0.0,-0.10227272727272728,-0.5568181818181818,25.68807339449541,D-,57.971014492753625,C+,38.41059602649007,D+,40.36697247706422,C-,50.72463768115942,C,25.165562913907284,D-,False,False,159.0,58.0
79,"['LAL', 'CHA']","['Los Angeles Lakers', 'Charlotte Hornets']",2018,2024,Mitch Kupchak,/executives/kupchmi01x.html,-66571.3,21.2,-79475.40000000001,-31.29999999999998,-118978.50000000004,22.099999999999977,-265025.20000000007,11.999999999999998,6.869565217391305,10.956521739130435,23,174,174,-0.02,-0.02,0.013157894736842105,-0.35526315789473684,81.65137614678899,A-,44.20289855072464,C-,69.5364238410596,B,92.66055045871559,A,42.028985507246375,C-,69.5364238410596,B,False,False,160.0,90.0
80,"['UTA', 'NYK', 'MIN']","['Utah Jazz', 'New York Knicks', 'Minnesota Timberwolves']",2019,2019,Scott Layden,/executives/laydesc99x.html,-33902.9,16.2,81613.59999999998,27.0,-117991.0,-4.5000000000000036,-70280.30000000002,38.699999999999996,7.833333333333333,6.666666666666667,12,75,72,0.3157894736842105,0.10526315789473684,-0.19444444444444445,-0.5277777777777778,84.40366972477064,A-,92.02898550724638,A,13.245033112582782,F,78.89908256880734,B+,64.4927536231884,B-,30.4635761589404,D,False,False,122.0,50.0
81,"['HOU', 'POR']","['Houston Rockets', 'Portland Trail Blazers']",2007,2007,Tod Leiweke,/executives/leiweto99x.html,0.0,0.0,0.0,0.0,-1030.6999999999998,-0.2,-1030.6999999999998,-0.2,,,0,0,4,,,,,,,,,,,,,,,,,True,False,64.0,119.0
82,['MEM'],['Memphis Grizzlies'],2012,2014,Jason Levien,/executives/levieja99x.html,-949.9000000000001,-0.2,7968.8,2.5999999999999996,3631.8000000000006,4.000000000000001,10650.7,6.4,,,1,27,10,0.375,0.125,0.5555555555555556,0.1111111111111111,,,94.92753623188406,A+,100.0,S,,,70.28985507246377,B,99.33774834437087,S,True,False,52.0,104.0
83,['UTA'],['Utah Jazz'],2012,2021,Dennis Lindsey,/executives/lindsde99x.html,-22340.699999999997,1.2999999999999998,61247.8,0.20000000000000115,127862.29999999996,87.80000000000003,166769.39999999997,89.30000000000003,1.1,2.7,10,97,108,0.25,0.125,0.11,-0.21,50.45871559633027,C,86.95652173913044,A-,84.10596026490066,A-,69.72477064220183,B,70.28985507246377,B,86.09271523178808,A-,False,False,14.0,20.0
84,['CHA'],['Charlotte Hornets'],1990,1990,Gene Littles,/executives/littlge01x.html,0.0,0.0,0.0,0.0,0.0,0.0,0.0,0.0,,,0,0,2,,,,,,,,,,,,,,,,,True,False,61.0,118.0
85,['PHI'],['Philadelphia 76ers'],1994,1996,John Lucas,/executives/lucasjo01x.html,-33358.4,-1.8000000000000003,10734.999999999998,6.500000000000002,-42509.09999999997,-3.000000000000002,-65132.49999999998,1.6999999999999997,-14.0,-8.75,4,13,24,,,-0.5416666666666666,-0.7916666666666666,4.587155963302752,F,,,1.9867549668874172,F-,20.18348623853211,D-,,,1.3245033112582782,F-,True,False,121.0,113.0
86,['PHI'],['Philadelphia 76ers'],1992,1994,Jim Lynam,/executives/lynamji99x.html,-22034.0,4.699999999999999,-134468.1,-41.2,-20108.600000000035,-2.400000000000002,-176610.70000000004,-38.900000000000006,,,3,19,11,-0.6,-0.6,-0.6363636363636364,-0.9090909090909091,,,0.0,F-,0.0,F-,,,3.6231884057971016,F,0.6622516556291391,F-,True,False,152.0,156.0
87,['BRK'],['Brooklyn Nets'],2016,2026,Sean Marks,/executives/marksse99x.html,-18691.300000000003,8.500000000000002,10640.041187019062,43.74498120067115,-68180.09999999999,28.899999999999977,-76231.35881298094,81.14498120067113,2.6,6.9,10,152,161,0.07692307692307693,0.0,0.0,-0.35333333333333333,58.71559633027523,C+,70.28985507246377,B,68.87417218543047,B,79.81651376146789,B+,50.72463768115942,C,70.19867549668874,B,False,True,125.0,26.0
88,"['DET', 'MIN']","['Detroit Pistons', 'Minnesota Timberwolves']",1992,1995,Jack McCloskey,/executives/mccloja01x.html,123506.6,102.6,124820.29999999999,23.4,-58268.29999999996,-3.69999999999996,190058.60000000003,122.30000000000003,10.047619047619047,7.904761904761905,21,121,72,0.06666666666666667,0.15555555555555556,-0.19718309859154928,-0.6619718309859155,90.8256880733945,A,68.1159420289855,B,11.920529801324504,F,82.56880733944953,A-,74.6376811594203,B+,10.596026490066226,F,False,False,10.0,14.0
89,['PHO'],['Phoenix Suns'],2013,2018,Ryan McDonough,/executives/mcdonry99x.html,-36168.4,20.5,-3922.7999999999993,-31.900000000000002,-16889.30000000001,20.200000000000017,-56980.50000000001,8.800000000000011,-12.5,-10.416666666666666,12,81,76,-0.2,0.08,0.0,-0.5079365079365079,8.256880733944953,F,19.565217391304348,F,68.87417218543047,B,14.678899082568808,F,59.42028985507246,C+,35.09933774834437,D+,False,False,118.0,100.0
90,['MIN'],['Minnesota Timberwolves'],1995,2008,Kevin McHale,/executives/mchalke01x.html,168648.79999999993,87.2,-135401.3,-46.00000000000001,-134718.3,8.800000000000026,-101470.80000000003,50.00000000000003,3.2222222222222223,3.7222222222222223,18,102,64,0.0,-0.1724137931034483,-0.09375,-0.53125,64.22018348623853,B-,55.79710144927536,C+,39.0728476821192,D+,72.4770642201835,B,22.463768115942027,D-,29.13907284768212,D,False,False,136.0,42.0
91,"['MIN', 'DET']","['Minnesota Timberwolves', 'Detroit Pistons']",1992,1995,Billy McKinney,/executives/mckinbi01x.html,20743.79999999999,42.4,-21170.199999999997,-12.700000000000001,-87404.49999999994,6.400000000000006,-87830.89999999995,36.1,-4.75,-7.25,8,50,35,-0.375,-0.375,-0.14285714285714285,-0.6285714285714286,30.275229357798164,D,7.971014492753623,F,23.841059602649008,D-,24.770642201834864,D-,7.971014492753623,F,13.245033112582782,F,False,False,132.0,54.0
92,['SAC'],['Sacramento Kings'],2020,2026,Monte McNair,/executives/mcnaimo99x.html,-21575.8,3.0999999999999996,39552.841994286726,9.96885490423542,-21494.099999999988,6.699999999999996,-3517.0580057132584,19.768854904235415,-1.75,-1.75,8,80,71,0.20833333333333334,0.041666666666666664,0.0,-0.34375,41.28440366972477,C-,84.78260869565217,A-,68.87417218543047,B,49.54128440366973,C,53.6231884057971,C+,71.52317880794702,B,False,True,67.0,75.0
93,['NYK'],['New York Knicks'],2017,2020,Steve Mills,/executives/millsst99x.html,-24164.399999999998,4.900000000000002,7668.000000000002,-5.0,-35856.90000000002,14.8,-52353.30000000002,14.700000000000003,,,3,24,48,-0.16666666666666666,0.16666666666666666,0.06666666666666667,-0.3111111111111111,,,21.73913043478261,D-,78.80794701986756,B+,,,76.81159420289855,B+,79.47019867549669,B+,True,False,114.0,87.0
94,"['HOU', 'PHI']","['Houston Rockets', 'Philadelphia 76ers']",2020,2026,Daryl Morey,/executives/moreyda99x.html,11064.700000000004,32.59999999999999,104708.08704461507,-18.928433448666233,-14043.999999999949,74.20000000000002,101728.78704461512,87.87156655133379,10.24,13.08,25,301,261,-0.03409090909090909,0.14772727272727273,0.06557377049180328,-0.35655737704918034,92.66055045871559,A,42.028985507246375,C-,78.1456953642384,B+,97.24770642201835,S,73.91304347826087,B+,68.21192052980132,B,False,True,25.0,21.0
95,['GSW'],['Golden State Warriors'],2004,2009,Chris Mullin,/executives/mullich01x.html,-17095.099999999995,11.2,7150.999999999998,-10.299999999999997,-14103.699999999993,11.099999999999998,-24047.799999999992,11.999999999999998,-4.222222222222222,-4.0,9,46,24,-0.45454545454545453,-0.09090909090909091,0.041666666666666664,-0.5,33.944954128440365,D+,2.1739130434782608,F-,74.17218543046357,B+,33.944954128440365,D+,30.434782608695652,D,40.397350993377486,C-,False,False,92.0,90.0
96,['GSW'],['Golden State Warriors'],2012,2023,Bob Myers,/executives/myersbo99x.html,5569.600000000015,36.6,11306.300000000003,-6.700000000000001,-4896.700000000003,38.800000000000004,11979.200000000015,68.7,3.4,-1.8666666666666667,15,79,149,-0.06666666666666667,0.13333333333333333,0.15942028985507245,-0.21739130434782608,66.05504587155963,B-,37.68115942028985,D+,88.74172185430463,A,48.62385321100918,C,71.73913043478261,B,85.43046357615894,A-,False,False,49.0,31.0
97,"['PHI', 'WAS', 'BRK', 'POR']","['Philadelphia 76ers', 'Washington Wizards', 'Brooklyn Nets', 'Portland Trail Blazers']",2003,2006,John Nash,/executives/nashjo99x.html,-62336.59999999999,-1.7999999999999998,5219.500000000003,-7.4999999999999964,-74629.2,6.5000000000000036,-131746.3,-2.7999999999999927,-12.7,-13.5,10,102,96,0.1875,0.25,-0.11702127659574468,-0.3404255319148936,6.422018348623853,F,81.8840579710145,A-,32.450331125827816,D,9.174311926605505,F,86.95652173913044,A-,72.8476821192053,B,False,False,147.0,127.0
98,"['MIL', 'GSW', 'DAL']","['Milwaukee Bucks', 'Golden State Warriors', 'Dallas Mavericks']",1997,2005,Don Nelson,/executives/nelsodo01x.html,202632.40000000002,142.4,47111.59999999998,-28.09999999999998,-106867.19999999998,17.099999999999994,142876.80000000002,131.40000000000003,3.533333333333333,-2.6666666666666665,30,258,155,-0.024096385542168676,-0.024096385542168676,-0.11038961038961038,-0.5,66.97247706422019,B-,42.7536231884058,C-,35.76158940397351,D+,43.11926605504587,C-,40.57971014492754,C-,40.397350993377486,C-,False,False,16.0,12.0
99,['DAL'],['Dallas Mavericks'],2005,2021,Donn Nelson,/executives/nelsodo99x.html,-21877.9,2.7,97273.6,-4.4999999999999964,58544.99999999983,104.00000000000001,133940.69999999984,102.20000000000002,-4.75,0.25,8,194,178,0.06896551724137931,0.2413793103448276,0.09302325581395349,-0.3953488372093023,30.275229357798164,D,68.84057971014492,B,83.44370860927152,A-,55.96330275229358,C+,86.23188405797102,A-,61.58940397350993,B-,False,False,17.0,15.0
100,['MIN'],['Minnesota Timberwolves'],2015,2016,Milt Newton,/executives/newtomi01x.html,0.0,0.0,0.0,0.0,-1056.0,-0.2,-1056.0,-0.2,,,0,0,2,,,,,,,,,,,,,,,,,True,False,65.0,119.0
101,['UTA'],['Utah Jazz'],1999,2012,Kevin O'Connor,/executives/oconnke99x.html,8181.299999999999,51.79999999999999,54339.200000000004,16.299999999999997,-87809.90000000004,23.499999999999993,-25289.400000000034,91.59999999999998,2.857142857142857,1.5714285714285714,21,82,56,0.48,0.12,-0.2857142857142857,-0.6785714285714286,63.30275229357798,B-,96.3768115942029,A+,8.609271523178808,F,61.46788990825688,B-,68.84057971014492,B,7.28476821192053,F,False,False,93.0,19.0
102,"['LAC', 'POR']","['Los Angeles Clippers', 'Portland Trail Blazers']",2012,2021,Neil Olshey,/executives/olshene99x.html,105545.40000000004,62.8,114288.59999999999,11.30000000000001,-113208.99999999996,11.900000000000006,106625.00000000007,86.00000000000001,0.7857142857142857,-2.0714285714285716,14,118,95,0.14634146341463414,0.024390243902439025,-0.045454545454545456,-0.4659090909090909,47.706422018348626,C,78.26086956521739,B+,51.65562913907285,C,45.87155963302752,C-,52.17391304347826,C,46.35761589403973,C-,False,False,24.0,22.0
103,"['HOU', 'POR']","['Houston Rockets', 'Portland Trail Blazers']",2006,2007,Steve Patterson,/executives/pattest99x.html,3201.499999999999,9.2,132121.30000000002,62.3,-14859.699999999983,4.199999999999978,120463.10000000003,75.69999999999997,6.0,12.166666666666666,6,48,22,0.6470588235294118,0.5294117647058824,-0.14285714285714285,-0.5238095238095238,78.89908256880734,B+,97.82608695652173,S,23.841059602649008,D-,95.41284403669725,A+,96.3768115942029,A+,31.788079470198674,D,False,False,20.0,30.0
104,['CLE'],['Cleveland Cavaliers'],1999,2005,Jim Paxson,/executives/paxsoji02x.html,292793.7,100.4,-39818.999999999985,2.799999999999999,-50864.40000000002,-5.0999999999999375,202110.30000000002,98.10000000000007,-3.6363636363636362,-3.5454545454545454,11,69,37,-0.5,-0.4,-0.2972972972972973,-0.32432432432432434,34.862385321100916,D+,1.4492753623188406,F-,7.947019867549669,F,37.61467889908257,D+,7.246376811594203,F,78.1456953642384,B+,False,False,9.0,17.0
105,['CHI'],['Chicago Bulls'],2003,2009,John Paxson,/executives/paxsojo01x.html,83758.40000000001,59.60000000000001,-39951.0,-25.700000000000006,-23806.400000000023,6.499999999999986,20000.99999999999,40.399999999999984,1.0,-4.666666666666667,6,74,34,-0.1111111111111111,-0.2222222222222222,-0.11764705882352941,-0.6764705882352942,49.54128440366973,C,26.81159420289855,D-,31.788079470198674,D,33.027522935779814,D+,18.840579710144926,F,7.947019867549669,F,False,False,46.0,49.0
106,['LAL'],['Los Angeles Lakers'],2019,2026,Rob Pelinka,/executives/pelinro99x.html,-16609.5,-1.3,21300.5081171463,-27.61710098876976,-18906.700000000004,34.5,-14215.691882853704,5.582899011230242,2.6666666666666665,0.6666666666666666,6,67,108,-0.26666666666666666,0.0,-0.01904761904761905,-0.5619047619047619,60.55045871559633,B-,14.492753623188406,F,56.29139072847682,C+,58.71559633027523,C+,50.72463768115942,C,21.85430463576159,D-,False,True,78.0,107.0
107,['NYK'],['New York Knicks'],2020,2020,Scott Perry,/executives/perrysc99x.html,0.0,0.0,5863.9,-1.2000000000000002,0.0,0.0,5863.9,-1.2000000000000002,,,0,5,0,,,,,,,,,,,,,,,,,True,False,56.0,125.0
108,"['POR', 'SAC']","['Portland Trail Blazers', 'Sacramento Kings']",1994,2013,Geoff Petrie,/executives/petrige01x.html,-47944.9,63.79999999999999,97172.70000000001,42.0,-74773.90000000002,31.20000000000001,-25546.10000000001,137.0,4.103448275862069,2.413793103448276,29,135,91,0.043478260869565216,0.06521739130434782,-0.1348314606741573,-0.5393258426966292,71.55963302752293,B,63.04347826086956,B-,26.490066225165563,D-,67.88990825688073,B,55.79710144927536,C+,27.1523178807947,D,False,False,94.0,10.0
109,['MIA'],['Miami Heat'],1996,2008,Randy Pfund,/executives/pfundra99x.html,144947.3,64.60000000000001,16815.500000000022,8.7,-166188.3,12.600000000000023,-4425.4999999999945,85.90000000000003,7.923076923076923,8.615384615384615,13,87,98,-0.043478260869565216,-0.17391304347826086,-0.10309278350515463,-0.422680412371134,85.3211009174312,A-,39.130434782608695,D+,37.74834437086093,D+,83.4862385321101,A-,21.73913043478261,D-,54.3046357615894,C+,False,False,70.0,23.0
110,['BOS'],['Boston Celtics'],1997,2001,Rick Pitino,/executives/pitinri99x.html,159951.80000000002,63.50000000000001,-30982.000000000004,-4.299999999999999,-43093.69999999998,0.19999999999999574,85876.10000000003,59.400000000000006,-11.75,-10.0,4,47,25,0.36363636363636365,0.18181818181818182,-0.2,-0.6,11.009174311926605,F,93.47826086956522,A+,11.258278145695364,F,16.513761467889907,F,77.53623188405797,B+,15.894039735099337,F,False,False,28.0,34.0
111,['SAS'],['San Antonio Spurs'],1994,2002,Gregg Popovich,/executives/popovgr99x.html,441078.8,169.3,33743.9,10.799999999999997,-52231.90000000002,34.80000000000007,422590.8,214.90000000000006,22.8,21.2,5,32,59,0.3,0.2,0.01694915254237288,-0.3728813559322034,100.0,S,89.85507246376811,A,71.52317880794702,B,100.0,S,82.6086956521739,A-,66.2251655629139,B-,False,False,1.0,2.0
112,['OKC'],['Oklahoma City Thunder'],2007,2026,Sam Presti,/executives/prestsa99x.html,314253.5,144.0,-268219.08458345546,-170.09971816483193,-110680.30000000005,18.19999999999999,-64645.88458345551,-7.899718164831934,4.181818181818182,5.7272727272727275,22,304,192,-0.1717171717171717,-0.06060606060606061,-0.017241379310344827,-0.2988505747126437,72.4770642201835,B,21.014492753623188,D-,56.95364238410596,C+,77.06422018348624,B+,36.95652173913044,D+,80.13245033112582,A-,False,True,120.0,138.0
113,"['POR', 'IND']","['Portland Trail Blazers', 'Indiana Pacers']",2017,2026,Kevin Pritchard,/executives/pritcke01x.html,-74326.5,-4.3,128122.98127065795,32.297234942148684,-5985.899999999965,37.79999999999996,47810.58127065799,65.79723494214865,1.2380952380952381,3.857142857142857,21,135,122,0.0851063829787234,0.1276595744680851,-0.027522935779816515,-0.3302752293577982,51.37614678899082,C,71.73913043478261,B,55.629139072847686,C+,73.39449541284404,B+,71.01449275362319,B,76.82119205298014,B+,False,True,37.0,33.0
114,['BRK'],['Brooklyn Nets'],1990,1996,Willis Reed,/executives/reedwi01x.html,25353.499999999996,24.6,-103558.30000000002,-28.9,-43417.399999999965,3.299999999999997,-121622.19999999998,-0.9999999999999989,-9.142857142857142,-6.285714285714286,7,37,30,0.0,-0.5833333333333334,-0.16666666666666666,-0.5666666666666667,16.513761467889907,F,55.79710144927536,C+,18.543046357615893,F,30.275229357798164,D,4.3478260869565215,F,19.867549668874172,F,False,False,143.0,124.0
115,['SAC'],['Sacramento Kings'],1989,1994,Jerry Reynolds,/executives/reynoje99x.html,-69907.09999999999,8.7,11281.599999999997,7.0,-14029.600000000035,1.600000000000005,-72655.10000000003,17.300000000000004,-3.4545454545454546,-7.181818181818182,11,48,26,-0.07692307692307693,-0.23076923076923078,-0.038461538461538464,-0.34615384615384615,35.77981651376147,D+,34.05797101449275,D+,53.64238410596027,C+,25.68807339449541,D-,16.666666666666668,F,70.86092715231788,B,False,False,123.0,82.0
116,['GSW'],['Golden State Warriors'],2009,2012,Larry Riley,/executives/rileyla99x.html,229076.3,90.20000000000002,77664.80000000002,32.0,-16112.999999999854,3.9000000000000057,290628.10000000015,126.10000000000002,-3.0,-3.75,4,41,22,-0.07142857142857142,0.14285714285714285,-0.13636363636363635,-0.5909090909090909,37.61467889908257,D+,35.507246376811594,D+,25.827814569536425,D-,35.77981651376147,D+,72.46376811594203,B,16.556291390728475,F,False,False,6.0,13.0
117,['MIA'],['Miami Heat'],2008,2026,Pat Riley,/executives/rileypa01x.html,24367.699999999997,33.9,183920.63983747535,57.584145616949634,-18583.999999999985,77.90000000000012,189704.33983747536,169.38414561694975,3.8181818181818183,-1.3636363636363635,11,128,221,0.06382978723404255,-0.0425531914893617,0.08018867924528301,-0.3113207547169811,68.80733944954129,B,65.94202898550725,B-,81.45695364238411,A-,51.37614678899082,C,38.405797101449274,D+,78.80794701986756,B+,False,True,11.0,7.0
118,['LAC'],['Los Angeles Clippers'],2013,2017,Doc Rivers,/executives/riverdo99x.html,-2211.5,0.0,7334.2999999999965,8.8,41798.899999999994,37.89999999999998,46921.69999999999,46.69999999999998,,,3,52,56,-0.17647058823529413,-0.17647058823529413,0.0,-0.4716981132075472,,,20.28985507246377,D-,68.87417218543047,B,,,21.014492753623188,D-,44.370860927152314,C-,True,False,38.0,44.0
119,['LAC'],['Los Angeles Clippers'],2012,2012,Andy Roeser,/executives/roesean99x.html,0.0,0.0,2191.5999999999995,0.4999999999999999,-7873.999999999999,4.499999999999999,-5682.4,4.999999999999999,,,0,8,4,,,,,,,,,,,,,,,,,True,False,72.0,108.0
120,['MIN'],['Minnesota Timberwolves'],2019,2021,Gersson Rosas,/executives/rosasge99x.html,16362.099999999999,12.1,13249.7,-3.599999999999999,-29162.000000000007,9.200000000000001,449.7999999999946,17.700000000000003,,,2,48,22,-0.08333333333333333,-0.3333333333333333,0.2,-0.45,,,32.608695652173914,D,94.70198675496688,A+,,,12.318840579710145,F,49.66887417218543,C,True,False,59.0,80.0
121,['NYK'],['New York Knicks'],2020,2026,Leon Rose,/executives/rosele99x.html,-3032.6,1.7999999999999998,31258.284441363194,-51.302090201783,43210.89999999997,34.800000000000004,71436.58444136317,-14.702090201783003,,,3,119,106,0.3103448275862069,0.10344827586206896,0.06796116504854369,-0.1650485436893204,,,90.57971014492753,A,79.47019867549669,B+,,,63.768115942028984,B-,90.06622516556291,A,True,True,31.0,143.0
122,['LAC'],['Los Angeles Clippers'],2012,2013,Gary Sacks,/executives/sacksga99x.html,0.0,0.0,2191.5999999999995,0.4999999999999999,-5183.699999999999,8.299999999999999,-2992.0999999999995,8.799999999999999,,,0,8,8,,,0.125,-0.375,,,,,86.09271523178808,A-,,,,,64.90066225165563,B-,True,False,66.0,101.0
123,['MIN'],['Minnesota Timberwolves'],2013,2015,Flip Saunders,/executives/saundfl99x.html,73376.29999999999,31.500000000000004,-15538.300000000005,-11.899999999999999,-29618.0,4.200000000000006,28219.999999999985,23.80000000000001,7.25,7.25,4,37,25,-0.07692307692307693,0.38461538461538464,-0.047619047619047616,-0.5238095238095238,82.56880733944953,A-,34.05797101449275,D+,50.33112582781457,C,80.73394495412845,A-,93.47826086956522,A+,31.788079470198674,D,False,False,44.0,73.0
124,"['UTA', 'ATL', 'BRK', 'MIA']","['Utah Jazz', 'Atlanta Hawks', 'Brooklyn Nets', 'Miami Heat']",1987,1995,Lewis Schaffel,/executives/schafle99x.html,-64711.7,29.599999999999998,474.60000000000036,-27.2,-60870.700000000026,-0.3000000000000007,-125107.80000000002,2.0999999999999988,13.052631578947368,9.947368421052632,19,63,51,-0.37037037037037035,-0.07407407407407407,-0.1568627450980392,-0.5098039215686274,98.1651376146789,S,8.695652173913043,F,21.192052980132452,D-,88.07339449541284,A,33.333333333333336,D+,34.437086092715234,D+,False,False,144.0,112.0
125,"['DEN', 'LAC', 'CHA']","['Denver Nuggets', 'Los Angeles Clippers', 'Charlotte Hornets']",1987,1990,Carl Scheer,/executives/scheeca99x.html,-63973.6,0.9000000000000012,-245722.40000000005,-85.19999999999999,1005.7999999999229,14.299999999999972,-308690.2000000001,-70.00000000000001,-19.214285714285715,-16.0,14,146,50,0.03278688524590164,0.08196721311475409,-0.1702127659574468,-0.2765957446808511,0.9174311926605505,F-,61.594202898550726,B-,17.880794701986755,F,5.504587155963303,F,60.14492753623188,B-,82.11920529801324,A-,False,False,161.0,162.0
126,['ATL'],['Atlanta Hawks'],2017,2022,Travis Schlenk,/executives/schletr01x.html,-11788.000000000002,15.799999999999999,-95476.3,-33.90000000000001,-105.69999999998072,24.30000000000001,-107369.99999999999,6.199999999999997,0.5,-0.3,10,102,89,0.027777777777777776,0.16666666666666666,-0.12658227848101267,-0.4050632911392405,46.788990825688074,C-,60.869565217391305,B-,28.47682119205298,D,54.12844036697248,C+,76.81159420289855,B+,57.615894039735096,C+,False,False,141.0,106.0
127,['WAS'],['Washington Wizards'],2019,2023,Tommy Sheppard,/executives/sheppto01x.html,-52754.799999999996,-2.8,25479.700000000004,9.7,-28892.000000000007,4.900000000000003,-56167.1,11.800000000000002,-22.5,-36.75,4,57,63,0.0,0.0,0.01694915254237288,-0.423728813559322,0.0,F-,55.79710144927536,C+,71.52317880794702,B,0.0,F-,50.72463768115942,C,53.64238410596027,C+,False,False,117.0,93.0
128,['PHI'],['Philadelphia 76ers'],1990,1992,Gene Shue,/executives/shuege01x.html,0.0,0.0,-12585.3,-1.7,-24955.2,-1.7000000000000004,-37540.5,-3.4000000000000004,,,0,11,11,0.0,-0.3333333333333333,-0.5454545454545454,-1.0,,,55.79710144927536,C+,1.3245033112582782,F-,,,12.318840579710145,F,0.0,F-,True,False,101.0,129.0
129,['ORL'],['Orlando Magic'],2005,2012,Otis Smith,/executives/smithot01x.html,4213.7,7.000000000000001,65360.1,14.100000000000001,-16594.899999999998,9.199999999999992,52978.9,30.299999999999994,7.5,9.666666666666666,6,50,21,-0.10526315789473684,0.05263157894736842,0.23809523809523808,-0.3333333333333333,83.4862385321101,A-,28.26086956521739,D,97.35099337748345,S,86.23853211009174,A-,54.34782608695652,C+,76.15894039735099,B+,False,False,34.0,63.0
130,"['LAC', 'DAL']","['Los Angeles Clippers', 'Dallas Mavericks']",1980,1996,Norm Sonju,/executives/sonjuno99x.html,367.49999999997453,100.80000000000003,-231494.40000000002,-149.10000000000002,-94600.9999999998,8.999999999999986,-325727.89999999985,-39.300000000000004,1.5833333333333333,0.6388888888888888,36,123,77,0.020833333333333332,0.14583333333333334,-0.1111111111111111,-0.3333333333333333,53.211009174311926,C+,58.69565217391305,C+,35.09933774834437,D+,57.79816513761468,C+,73.18840579710145,B+,76.15894039735099,B+,False,False,162.0,157.0
131,['GSW'],['Golden State Warriors'],1997,2004,Garry St. Jean,/executives/stjeaga99x.html,-5543.3,22.699999999999996,-185741.60000000003,-52.79999999999999,-22025.600000000053,2.300000000000008,-213310.5000000001,-27.799999999999986,9.0,10.857142857142858,7,74,51,-0.4,-0.6,-0.11764705882352941,-0.4117647058823529,88.07339449541284,A,4.3478260869565215,F,31.788079470198674,D,91.74311926605505,A,3.6231884057971016,F,56.29139072847682,C+,False,False,155.0,152.0
132,['MIN'],['Minnesota Timberwolves'],2008,2009,Jim Stack,/executives/stackji99x.html,0.0,0.0,-913.6,-0.3,0.0,0.0,-913.6,-0.3,,,0,4,0,,,,,,,,,,,,,,,,,True,False,63.0,121.0
133,"['BRK', 'PHI', 'DET']","['Brooklyn Nets', 'Philadelphia 76ers', 'Detroit Pistons']",2018,2020,Ed Stefanski,/executives/stefaed99x.html,-75569.3,-0.4999999999999989,72220.6,22.099999999999994,-54105.89999999998,3.1000000000000076,-57454.599999999984,24.700000000000003,-10.636363636363637,-11.181818181818182,11,66,66,-0.13636363636363635,-0.22727272727272727,-0.171875,-0.5,15.596330275229358,F,23.18840579710145,D-,17.218543046357617,F,13.761467889908257,F,17.391304347826086,F,40.397350993377486,C-,False,False,119.0,71.0
134,['BOS'],['Boston Celtics'],2021,2026,Brad Stevens,/executives/stevebr99x.html,-1680.8,0.0,124779.40349126296,29.19876688478233,2210.500000000012,7.600000000000001,125309.10349126297,36.79876688478233,,,3,71,63,0.13043478260869565,0.6086956521739131,0.11666666666666667,-0.15,,,76.81159420289855,B+,84.76821192052981,A-,,,98.55072463768116,S,92.05298013245033,A,True,True,18.0,52.0
135,['HOU'],['Houston Rockets'],2020,2026,Rafael Stone,/executives/stonera99x.html,-18896.899999999998,10.4,-14592.076329778765,-6.697251934396581,-17360.300000000014,15.1,-50849.276329778775,18.80274806560342,-4.222222222222222,-13.444444444444445,9,95,75,0.0,-0.12,0.04477611940298507,-0.3283582089552239,33.944954128440365,D+,55.79710144927536,C+,74.83443708609272,B+,10.091743119266056,F,28.26086956521739,D,77.48344370860927,B+,False,True,113.0,78.0
136,"['DET', 'OKC', 'ATL']","['Detroit Pistons', 'Oklahoma City Thunder', 'Atlanta Hawks']",2008,2012,Rick Sund,/executives/sundri99x.html,-10417.999999999998,11.5,57333.50000000001,3.608224830031759e-16,-67673.7,-1.6999999999999975,-20758.199999999993,9.800000000000002,-1.875,-2.125,8,59,67,0.23809523809523808,0.5714285714285714,-0.014925373134328358,-0.373134328358209,39.44954128440367,D+,86.23188405797102,A-,59.602649006622514,C+,44.95412844036697,C-,97.10144927536231,S,65.56291390728477,B-,False,False,86.0,96.0
137,['MIN'],['Minnesota Timberwolves'],2016,2019,Tom Thibodeau,/executives/thiboto99x.html,-20526.8,-1.5000000000000002,-13216.7,-15.600000000000001,20321.7,25.300000000000004,-13421.8,8.200000000000003,,,3,13,35,,,-0.1875,-0.28125,,,,,15.2317880794702,F,,,,,81.45695364238411,A-,True,False,77.0,102.0
138,"['TOR', 'NYK']","['Toronto Raptors', 'New York Knicks']",2003,2008,Isiah Thomas,/executives/thomais01x.html,782.3999999999996,23.400000000000002,-72023.8,3.0999999999999983,-59787.60000000003,-1.4999999999999858,-131029.00000000003,25.000000000000014,5.0,2.3,10,87,37,0.0,-0.3684210526315789,-0.32432432432432434,-0.7567567567567568,75.22935779816514,B+,55.79710144927536,C+,5.960264900662252,F,65.13761467889908,B-,8.695652173913043,F,1.9867549668874172,F-,False,False,146.0,69.0
139,"['CHI', 'BRK', 'PHI']","['Chicago Bulls', 'Brooklyn Nets', 'Philadelphia 76ers']",2010,2012,Rod Thorn,/executives/thornro01x.html,290667.80000000005,134.4,-12837.999999999975,-3.999999999999993,-89331.9,3.600000000000051,188497.90000000008,134.00000000000006,2.65,2.4,20,122,67,0.1590909090909091,0.06818181818181818,-0.05970149253731343,-0.6865671641791045,59.63302752293578,C+,79.71014492753623,B+,47.682119205298015,C,66.97247706422019,B-,57.2463768115942,C+,6.622516556291391,F,False,False,12.0,11.0
140,"['CHA', 'GSW', 'ORL']","['Charlotte Hornets', 'Golden State Warriors', 'Orlando Magic']",2005,2006,Dave Twardzik,/executives/twardda01x.html,-26387.5,-1.1,-40643.700000000004,-34.60000000000001,-9386.69999999999,3.1,-76417.9,-32.60000000000001,-12.25,-16.75,4,52,41,-0.06666666666666667,0.26666666666666666,0.024390243902439025,-0.17073170731707318,10.091743119266056,F,37.68115942028985,D+,72.18543046357615,B,4.587155963302752,F,89.1304347826087,A,89.40397350993378,A,False,False,126.0,154.0
141,"['DEN', 'TOR']","['Denver Nuggets', 'Toronto Raptors']",2013,2026,Masai Ujiri,/executives/ujirima99x.html,21776.699999999993,41.300000000000004,35186.581273699114,3.6994363296638433,16870.000000000025,54.69999999999997,73833.28127369913,99.69943632966381,3.95,4.6,20,142,178,0.07894736842105263,0.21052631578947367,0.0736196319018405,-0.25153374233128833,69.72477064220183,B,71.01449275362319,B,80.79470198675497,A-,75.22935779816514,B+,83.33333333333333,A-,83.44370860927152,A-,False,True,30.0,16.0
142,['WAS'],['Washington Wizards'],2001,2003,Wes Unseld,/executives/unselwe01x.html,-53171.5,-1.8,-104337.09999999999,-45.300000000000004,-40.99999999998545,13.300000000000008,-157549.59999999998,-33.8,-5.333333333333333,-8.5,6,24,31,-0.5714285714285714,-0.7142857142857143,0.0,-0.1935483870967742,28.440366972477065,D,0.7246376811594203,F-,68.87417218543047,B,22.01834862385321,D-,0.7246376811594203,F-,88.0794701986755,A,False,False,150.0,155.0
143,['DET'],['Detroit Pistons'],2014,2018,Stan Van Gundy,/executives/vangust01x.html,-27723.499999999996,-0.8999999999999999,32917.19999999999,12.000000000000004,11582.8,23.29999999999998,16776.499999999993,34.399999999999984,-2.3333333333333335,1.6666666666666667,6,47,46,0.06666666666666667,0.2,0.225,-0.1,38.53211009174312,D+,68.1159420289855,B,95.36423841059603,A+,62.38532110091743,B-,82.6086956521739,A-,92.71523178807946,A,False,False,47.0,59.0
144,"['DEN', 'BRK']","['Denver Nuggets', 'Brooklyn Nets']",2008,2010,Kiki Vandeweghe,/executives/vandeki01x.html,12114.000000000002,28.899999999999995,-12936.399999999998,8.299999999999999,-13415.000000000011,20.599999999999998,-14237.400000000007,57.79999999999999,-6.0,-1.1111111111111112,9,76,33,-0.38095238095238093,-0.6190476190476191,-0.12121212121212122,-0.3939393939393939,23.853211009174313,D-,6.521739130434782,F,30.4635761589404,D,52.293577981651374,C,2.1739130434782608,F-,62.25165562913907,B-,False,False,79.0,35.0
145,['BOS'],['Boston Celtics'],1984,1990,Jan Volk,/executives/volkja99x.html,7786.6,17.599999999999998,-26667.800000000003,-3.6000000000000005,-15781.399999999996,5.400000000000006,-34662.6,19.400000000000002,8.166666666666666,-6.0,6,29,24,-0.25,-0.3333333333333333,-0.30434782608695654,-0.5652173913043478,87.1559633027523,A,17.391304347826086,F,7.28476821192053,F,31.192660550458715,D,12.318840579710145,F,20.52980132450331,D-,False,False,100.0,76.0
146,['OKC'],['Oklahoma City Thunder'],1994,2001,Wally Walker,/executives/walkewa01x.html,-5426.4,-0.8,-16769.6,-18.799999999999997,1.8189894035458565e-12,-4.218847493575595e-15,-22195.999999999996,-19.6,,,1,55,44,-0.26666666666666666,0.26666666666666666,0.0,0.0,,,14.492753623188406,F,68.87417218543047,B,,,89.1304347826087,A,98.67549668874172,S,True,False,89.0,148.0
147,"['BOS', 'MEM']","['Boston Celtics', 'Memphis Grizzlies']",2014,2019,Chris Wallace,/executives/wallach99x.html,33175.5,34.2,-27797.600000000006,-1.3999999999999932,-91157.1,21.600000000000023,-85779.20000000001,54.400000000000034,-8.375,-6.4375,16,146,141,0.10638297872340426,-0.02127659574468085,-0.1044776119402985,-0.3358208955223881,18.34862385321101,F,73.91304347826087,B+,37.086092715231786,D+,29.357798165137616,D,41.30434782608695,C-,74.17218543046357,B+,False,False,131.0,39.0
148,"['IND', 'NYK']","['Indiana Pacers', 'New York Knicks']",2008,2011,Donnie Walsh,/executives/walshdo99x.html,89755.40000000002,117.10000000000002,262377.69999999995,56.5,-44933.59999999951,13.800000000000068,307199.50000000047,187.4000000000001,2.75,-7.142857142857143,28,139,84,0.36585365853658536,0.1951219512195122,-0.06172839506172839,-0.5308641975308642,62.38532110091743,B-,94.20289855072464,A+,47.019867549668874,C,26.605504587155963,D-,78.98550724637681,B+,29.801324503311257,D,False,False,3.0,5.0
149,['DEN'],['Denver Nuggets'],2006,2010,Mark Warkentien,/executives/warkema99x.html,0.0,0.0,50752.79999999999,20.699999999999996,-11171.69999999999,5.400000000000009,39581.1,26.100000000000005,,,0,50,19,0.11764705882352941,0.29411764705882354,-0.15789473684210525,-0.47368421052631576,,,76.08695652173913,B+,20.52980132450331,D-,,,90.57971014492753,A,43.70860927152318,C-,True,False,40.0,68.0
150,['DET'],['Detroit Pistons'],2020,2024,Troy Weaver,/executives/weavetr99x.html,-38880.100000000006,1.8000000000000003,2815.2000000000003,-11.1,-59087.8,8.499999999999998,-95152.70000000001,-0.8000000000000002,-13.5,-15.166666666666666,6,85,76,-0.2962962962962963,-0.14814814814814814,-0.02857142857142857,-0.5142857142857142,5.504587155963303,F,10.869565217391305,F,54.3046357615894,C+,7.339449541284404,F,23.91304347826087,D-,33.77483443708609,D+,False,False,133.0,123.0
151,"['HOU', 'MIL']","['Houston Rockets', 'Milwaukee Bucks']",1997,1999,Bob Weinhauer,/executives/weinhbo99x.html,-19369.8,-2.0,-118537.40000000002,-49.699999999999996,-58730.59999999996,-0.10000000000000853,-196637.8,-51.800000000000004,8.0,10.25,4,45,38,0.4,0.0,-0.05405405405405406,-0.5675675675675675,86.23853211009174,A-,95.65217391304348,A+,48.34437086092715,C,90.8256880733945,A,50.72463768115942,C,18.543046357615893,F,False,False,153.0,160.0
152,['ORL'],['Orlando Magic'],2004,2005,John Weisbrod,/executives/weisbjo99x.html,69792.0,29.1,-34669.00000000001,-15.100000000000003,15789.800000000017,12.799999999999997,50912.8,26.799999999999994,,,1,21,8,0.0,0.0,-0.125,-0.5,,,55.79710144927536,C+,29.801324503311257,D,,,50.72463768115942,C,40.397350993377486,C-,True,False,35.0,66.0
153,"['CLE', 'BRK']","['Cleveland Cavaliers', 'Brooklyn Nets']",1987,1990,Harry Weltman,/executives/weltmha99x.html,21275.4,36.699999999999996,4905.099999999997,2.1999999999999997,-32448.299999999985,-0.9000000000000057,-6267.7999999999865,37.99999999999999,3.5384615384615383,1.1538461538461537,13,78,31,-0.23333333333333334,-0.06666666666666667,-0.13333333333333333,-0.5666666666666667,67.88990825688073,B,18.115942028985508,F,27.1523178807947,D,60.55045871559633,B-,35.507246376811594,D+,19.867549668874172,F,False,False,74.0,51.0
154,['ORL'],['Orlando Magic'],2017,2026,Jeff Weltman,/executives/weltmje01x.html,-31604.4,20.6,-12876.399999999994,-20.099999999999998,-60673.99999999998,9.299999999999997,-105154.79999999997,9.800000000000002,-11.714285714285714,-15.0,14,50,114,0.2,0.2,-0.13861386138613863,-0.3564356435643564,11.926605504587156,F,84.05797101449275,A-,24.503311258278146,D-,8.256880733944953,F,82.6086956521739,A-,68.87417218543047,B,False,True,139.0,96.0
155,"['LAL', 'MEM']","['Los Angeles Lakers', 'Memphis Grizzlies']",2002,2007,Jerry West,/executives/westje01x.html,37939.1,94.70000000000002,206591.59999999998,78.5,58150.99999999992,62.50000000000003,302681.6999999999,235.70000000000005,6.083333333333333,0.7083333333333334,24,130,99,-0.0851063829787234,-0.06382978723404255,-0.09090909090909091,-0.45454545454545453,79.81651376146789,B+,31.159420289855074,D,39.735099337748345,D+,59.63302752293578,C+,36.231884057971016,D+,47.019867549668874,C,False,False,4.0,1.0
156,"['OKC', 'POR']","['Oklahoma City Thunder', 'Portland Trail Blazers']",1994,2003,Bob Whitsitt,/executives/whitsbo99x.html,-20082.0,2.8999999999999995,-72071.70000000004,-87.0,52096.20000000006,36.900000000000006,-40057.49999999998,-47.199999999999996,12.428571428571429,15.571428571428571,7,158,78,-0.09803921568627451,0.3137254901960784,0.13333333333333333,-0.16,96.3302752293578,A+,28.985507246376812,D,86.75496688741723,A-,98.1651376146789,S,91.30434782608695,A,91.3907284768212,A,False,False,103.0,158.0
157,"['CHI', 'ATL', 'PHI', 'ORL']","['Chicago Bulls', 'Atlanta Hawks', 'Philadelphia 76ers', 'Orlando Magic']",1987,1996,Pat Williams,/executives/willipa99x.html,270287.69999999995,147.8,61255.200000000004,-4.0,-76870.9,25.0,254671.99999999997,168.8,2.4285714285714284,1.8857142857142857,35,178,63,0.04477611940298507,0.014925373134328358,-0.2786885245901639,-0.47540983606557374,57.79816513761468,C+,63.768115942028984,B-,9.271523178807946,F,63.30275229357798,B-,51.44927536231884,C,41.72185430463576,C-,False,False,8.0,8.0
158,['WAS'],['Washington Wizards'],2023,2026,Michael Winger,/executives/wingemi99x.html,-6714.000000000001,-0.6,-25417.06149697624,-0.02991198054691191,-46940.7,-4.399999999999999,-79071.76149697624,-5.029911980546911,,,2,59,25,-0.13333333333333333,-0.3333333333333333,-0.13043478260869565,-0.391304347826087,,,23.91304347826087,D-,27.814569536423843,D,,,12.318840579710145,F,62.913907284768214,B-,True,True,128.0,132.0
159,['MIA'],['Miami Heat'],1995,1996,Dave Wohl,/executives/wohlda01x.html,-4362.8,-0.1,135752.9,36.199999999999996,12922.8,21.000000000000007,144312.9,57.1,,,1,28,17,0.75,0.75,0.17647058823529413,-0.47058823529411764,,,100.0,S,90.72847682119205,A,,,100.0,S,45.033112582781456,C-,True,False,15.0,37.0
160,['SAS'],['San Antonio Spurs'],2019,2026,Brian Wright,/executives/wrighbr99x.html,-46727.4,4.4,-59936.985475038324,-48.96253532645024,2983.0999999999985,16.200000000000003,-103681.28547503833,-28.362535326450235,-8.454545454545455,-7.909090909090909,11,75,68,-0.2692307692307692,-0.23076923076923078,0.22807017543859648,-0.24561403508771928,17.431192660550458,F,13.043478260869565,F,96.6887417218543,A+,22.93577981651376,D-,16.666666666666668,F,84.10596026490066,A-,False,True,137.0,153.0
161,['DAL'],['Dallas Mavericks'],1996,1997,Frank Zaccanelli,/executives/zaccafr99x.html,0.0,0.0,-16872.4,7.000000000000003,-2090.0,-0.10000000000000142,-18962.4,6.900000000000001,,,0,7,1,,,,,,,,,,,,,,,,,True,False,84.0,103.0
162,['UTA'],['Utah Jazz'],2021,2021,Justin Zanik,/executives/zanikju01x.html,0.0,0.0,-2595.4000000000005,-3.3000000000000003,3225.7000000000003,4.7,630.2999999999997,1.3999999999999997,,,0,5,13,,,0.15384615384615385,-0.07692307692307693,,,,,88.0794701986755,A,,,,,94.03973509933775,A+,True,False,58.0,114.0
